"file","dur","centroid","pctHi","pctLo","peak","rms"
"01_mico_leao_dourado.wav","78","11210","82,6","6,5","13,338","0,0763"
"02_sauvas_carregadoras.wav","84","11213","82,7","6,5","8,274","0,0808"
"beija_flor_preto_1.wav","30","11924","82,5","5,9","5,342","0,0364"
"beija_flor_preto_2.wav","30","11761","83,3","6,2","2,92","0,0137"
"beija_flor_preto_3.wav","30","12190","84,4","6","5,066","0,0401"
"Extreme_close-mic'd__#2-1790650979400.wav","30","11873","82,5","6,8","1,379","0,0077"
"preguica_1.wav","20,08","11693","79,6","6,3","3,814","0,0229"
"preguica_2.wav","20,08","12271","85,2","4,9","44,823","0,1634"
"preguica_3.wav","20,08","11933","83,7","5,6","6,368","0,0411"
"preguica_4.wav","20,08","12114","84,3","5,5","9,051","0,0525"
"primeiraNight_Atlantic_Fores_#1-1790651145048.wav","20,08","11980","84,1","5,7","14,761","0,1042"
"primeiraNight_Atlantic_Fores_#2-1790651142927.wav","20,08","11594","82,5","4,9","13,618","0,1052"
"primeiraNight_Atlantic_Fores_#3-1790651142927.wav","20,08","11497","84,3","3,6","31,348","0,1527"
"primeiraNight_Atlantic_Fores_#4-1790651135658.wav","20,08","11970","82,9","7,6","31,698","0,1696"
"segundaNight_Atlantic_Fores_#3-1790651176832.wav","20,08","12368","84,3","6","11,492","0,0724"
"segundaNight_Atlantic_Fores_#4-1790651171705.wav","20,08","11884","83,6","5,5","13,401","0,1047"
"terceiraNight_Atlantic_Fores_#2-1790651221789.wav","20,08","12063","81,9","5,1","17,619","0,1059"
"terceiraNight_Atlantic_Fores_#3-1790651214800.wav","20,08","11817","81,5","6,5","23,333","0,1384"
